CRSP_SPvwx,DFY,tbl,ntis,TMS,log_DP,log_EP,lty,bm,infl,log_DY,log_DE,svar,ltr,DFR
-0.012416758240000103,0.006000000000000002,0.0038,0.05086363522637329,0.017499999999999998,-3.047823860332477,-2.480302892889941,0.0213,0.7415349887133184,0.019951827927799926,-3.056356895370426,-0.567520967442536,0.005717589124240001,0.0035017374799999335,0.004205214194999973
-0.00256096443999998,0.006599999999999998,0.0038,0.0468877419499656,0.0178,-2.9963899519729615,-2.3573099926832923,0.0216,0.7411167512690355,0.004532615095520054,-2.9937566390622012,-0.6390799592896695,0.006662527888000001,0.0005873777900000654,0.0038182238099997434
-0.005629541071999977,0.006200000000000004,0.008,0.044029565447437316,0.0133,-2.951079109805718,-2.277101845353493,0.0213,0.740323398501324,0.04355654450021573,-2.9576754397922715,-0.6739772644522252,0.004086318667459999,0.009987445468000011,-0.028134649447999927
0.014253171728000336,0.006600000000000002,0.0095,0.02916613439803824,0.014799999999999999,-2.902206215543168,-2.251618649402018,0.0243,0.7253256789578274,0.018766793911580093,-2.889710163429426,-0.6505875661411494,0.00235642216142,-0.03983173609599999,0.022581708943999912
-0.014373304660000086,0.006999999999999996,0.01,0.027164675478310325,0.0141,-2.875888292077585,-2.1768759920652414,0.0241,0.8414221218961625,-0.00010398718713755528,-2.890371757896165,-0.6990123000123435,0.004842355862999999,0.010031671280000154,0.007850246359999868
0.1123091223749999,0.0058,0.01,0.024368971170778537,0.013800000000000002,-2.980319994559104,-2.197224577336219,0.0238,0.7869735036419296,0.02833829453106884,-2.875888292077585,-0.7830954172228848,0.0027216001749100003,0.01010667702000001,-0.013841842252000136
-0.07511723357900013,0.006100000000000005,0.0109,0.01968809844966905,0.0133,-2.879456721762285,-2.0126460471514998,0.0242,0.8362310712282669,0.0165346375214801,-2.9570631323948366,-0.8668106746107853,0.00608303848081,-0.0006030102939998949,0.0032750616539999333
-0.022147773607000043,0.007399999999999997,0.0116,0.015026312066935504,0.0121,-2.793866120687066,-1.8927436102860824,0.0237,0.8409475465313028,-0.01776624796946935,-2.8127653472636127,-0.9011225104009837,0.007698725743169999,0.013951829792000048,0.010211627447999971
-0.012034732329999742,0.0076999999999999985,0.011699999999999999,0.014771834079174907,0.011000000000000003,-2.732244929689267,-1.8449417346883643,0.0227,0.9017504234895539,-0.009775784499177598,-2.74149813516975,-0.8873031950009027,0.0036761249824399994,0.020637417332000085,-0.012317647224000083
-0.06178609685800007,0.007600000000000003,0.011699999999999999,0.015191330027390806,0.010000000000000002,-2.630618460969394,-1.7749523509116738,0.0217,0.9538884243220642,0.0013976383781915125,-2.6922395950755678,-0.8556661100577201,0.00307336410504,0.019752224902999993,-0.005192171487000019
0.1002230519270002,0.0076999999999999985,0.010700000000000001,0.021894046967322157,0.010499999999999999,-2.706767327289321,-1.8746946744991828,0.0212,0.8750205468193524,-3.760188665269393e-05,-2.6112003751122925,-0.8320726527901381,0.00308613367965,0.013320749707000257,0.0024445172159999196
0.07435777127999987,0.0072999999999999975,0.011000000000000001,0.026499379149748755,0.009899999999999997,-2.687966832647533,-1.9774279093757186,0.0209,0.7964292838619588,-0.009822552697582143,-2.6149597780361984,-0.7105389232718146,0.0019928477950999996,0.009224810747999967,-0.015038544763000039
0.03198133699999994,0.006600000000000005,0.011200000000000002,0.029588802258332096,0.010299999999999997,-2.6931245508855346,-1.9872383445481594,0.0215,0.8255277845183208,-0.002846964740881419,-2.6619913462442724,-0.7058862063373751,0.0019435658346499993,-0.003216020248000051,0.009828295946000098
0.02102273172000002,0.006599999999999995,0.0115,0.03170543989664773,0.010100000000000001,-2.6906779513777392,-1.9408354271412487,0.0216,0.8134474678398927,0.011305466912775897,-2.6678067429012446,-0.7498425242364906,0.00707131932581,0.0037941252500000022,-0.003097163778000178
0.10710724802500016,0.005699999999999997,0.013000000000000001,0.02705935660033554,0.008999999999999998,-2.6826681278307927,-1.9672151897565493,0.022,0.7514578547446544,0.02510257686868056,-2.587820565938032,-0.7154529380742436,0.005584744277030001,-0.00034203543999977715,0.0071264231819997415
0.0544679426600001,0.005300000000000003,0.0134,0.03186660224485508,0.009,-2.6307625760311084,-1.9722209246486389,0.0224,0.7225384419335655,0.023108890168750618,-2.5825846692738104,-0.6585416513824698,0.006521210800040001,0.000281093120000131,0.006625156943999899
0.04673087255799979,0.004500000000000004,0.013999999999999999,0.03249461184619268,0.010100000000000001,-2.6446805871696206,-2.0231142103726594,0.0241,0.7813946002494668,0.031835223544427915,-2.5973146419635684,-0.6215663767969611,0.00342512575059,-0.017317126155999896,-0.008831785712000162
-0.023301263097999958,0.005500000000000001,0.014499999999999999,0.03607894323237592,0.0114,-2.5979300381913957,-2.0419839791449355,0.0259,0.8003626772172766,0.0038718480341188855,-2.61870510076636,-0.5559460590464603,0.003218998161120001,-0.019274959513999934,0.007598616958999993
0.11242130560000008,0.006200000000000001,0.0163,0.028633195142028178,0.009000000000000001,-2.7280248122323334,-2.226452393946826,0.0253,0.7161823277769581,0.00771046046431989,-2.6239055245946563,-0.5015724182855075,0.002165067652380001,0.015645927040000007,0.010604610869999975
0.020159321509999995,0.006000000000000002,0.0173,0.035993030164385584,0.009600000000000001,-2.824834576982026,-2.276426242066992,0.0269,0.7213163466181332,0.014033176256550872,-2.8031454427004414,-0.5484083349150335,0.00287900341857,-0.01863665703999995,0.0038061400500000175
0.029705007163000063,0.005499999999999998,0.0159,0.03194560831205994,0.0104,-2.8426959960239455,-2.317884130283215,0.0263,0.7518741186075856,-0.006325099999999972,-2.817767409758933,-0.5248118657407306,0.0020918885308699995,0.015350583512000027,0.003565620947999948
0.0238289028380001,0.005600000000000004,0.017,0.02767123557760243,0.008899999999999998,-2.845710987068744,-2.367123614131617,0.0259,0.7387150878728214,0.007602983050671641,-2.821789311204632,-0.478587372937127,0.0015395943088399996,0.014047693070999845,-0.009744615054999572
-0.0177144334499999,0.0057,0.0171,0.030943053693622904,0.010599999999999998,-2.8287408828502825,-2.3416428202452466,0.0277,0.748678910609364,0.00752672775144303,-2.845710987068744,-0.48709806260503563,0.00103641333654,-0.021869182000000098,0.027965023856000082
0.08431799511200011,0.0053999999999999986,0.0209,0.02642572389670278,0.007000000000000003,-2.9361930553816453,-2.404314022417822,0.0279,0.6940733127783488,-1.5605006400409849e-06,-2.8567147348926882,-0.531879032963823,0.0017150964574799998,0.004563610920000016,0.0009443557880000064
-0.04828167337599998,0.004499999999999994,0.020099999999999996,0.023785718253925885,0.009300000000000003,-2.886819356291797,-2.3425178033294167,0.0294,0.7624968735484332,-0.00501882872163073,-2.9361930553816453,-0.5443015529623804,0.0015927152984900003,-0.01624434812800002,0.0010158425280000216
-0.04524796946800003,0.004599999999999993,0.021099999999999997,0.02722848120168336,0.009000000000000001,-2.833213344056216,-2.263587462525693,0.0301,0.7954969059867293,0.007526756550246372,-2.879752189068704,-0.5696258815305231,0.0028338968669399996,-0.00340532457999998,-0.013722484460000128
-0.0365916688000002,0.0059000000000000025,0.0179,0.025540235474649727,0.010500000000000002,-2.799940112501737,-2.2145036249445718,0.0284,0.8082108771398273,0.006227464567310159,-2.833213344056216,-0.5854364875571654,0.0022887400368400003,0.03308947671200002,0.0014890269030001235
0.05892592876700009,0.006100000000000001,0.016,0.02455225999800715,0.0114,-2.8396832412712265,-2.2909640445600172,0.0274,0.7597009611961553,-0.0024891449863762016,-2.7790334276824233,-0.5487191967112094,0.0014237256071099997,0.02311449304399993,0.00958182674400021
0.08509148344999984,0.006499999999999999,0.0103,0.021990538824217438,0.017499999999999998,-2.908349770191573,-2.3575188118118833,0.0278,0.8049158182596949,-4.6141904019858515e-06,-2.825984396913065,-0.5508309583796898,0.0011747168718600001,0.03910565887999984,-0.002633601351999859
0.08261687792000005,0.0059000000000000025,0.0064,0.018296141571728215,0.0208,-3.0029475599671667,-2.4113367986266443,0.0272,0.7324678439720566,0.0024735514498248623,-2.9220486145497353,-0.5916107613405225,0.00213631474385,0.01793575517599999,-0.019269265211999898
0.10358429524000012,0.0058,0.0101,0.016907678786165378,0.017,-3.090114379045762,-2.508392933646734,0.0271,0.6777451034788882,-0.0037213194684500017,-2.989248715609005,-0.5817214453990283,0.0024814238384800007,0.008742008240000043,0.0010884205599999142
0.11801982857299986,0.005500000000000005,0.0115,0.025978578830083983,0.0157,-3.151180812096849,-2.56411590832314,0.0272,0.604119785355721,-0.0037383921378795204,-3.043594363410869,-0.5870649037737093,0.0025995305185500008,0.004486330400000016,0.0037347366000000104
0.019308652159999884,0.0045999999999999965,0.0128,0.026950742850434122,0.016,-3.154815821701274,-2.5143123746267504,0.0288,0.6077617769099342,0.0,-3.1382774072609414,-0.6405034470745232,0.00569235910375,-0.023287914574000146,0.016402386786000256
0.12066990560000002,0.0046,0.0141,0.024390767020944962,0.0152,-3.263227887093878,-2.5449221468977776,0.0293,0.5516416323275289,0.0,-3.148426023602503,-0.7183057401961003,0.0020077294414399998,-0.0002555155479999627,0.0012501860699998257
0.058914163306999834,0.0046,0.0207,0.024774610416945588,0.0091,-3.294235218253177,-2.5411898961121624,0.0298,0.5336247910505336,0.004976612415889647,-3.231877357209802,-0.7530453221410142,0.009110181248970001,-0.0025756497839999337,0.0022313081920000144
0.04000088776999977,0.004700000000000003,0.0254,0.02524510427758901,0.0040999999999999995,-3.3225764270462284,-2.5307986430446556,0.0295,0.5098280098280098,-0.0012460845067501225,-3.2819651256613627,-0.7917777840015727,0.005136636491769997,0.013571590239999987,-0.0024648976599999095
0.06614674122999986,0.0050000000000000044,0.0225,0.026654930784803705,0.007800000000000001,-3.3330299332513715,-2.5755248837086233,0.0303,0.5310771996326619,-1.5490291601638617e-06,-3.269151260372648,-0.7575050495427482,0.0033512541063199994,-0.006922325265999896,0.005159170481999875
-0.03205182728,0.0049999999999999975,0.024900000000000002,0.025460547821250703,0.0049999999999999975,-3.2617224351367846,-2.568575254576839,0.0299,0.5515645927188604,0.012405397229957149,-3.29336467685894,-0.6931471805599453,0.003776785117560001,0.013675303524999904,-0.021823655884999793
-0.036910777600000055,0.0051,0.028399999999999998,0.029129906415691496,0.004,-3.2046446049402513,-2.573141587491513,0.0324,0.5719095213045766,0.007342499931723978,-3.2397435284180096,-0.6315030174487385,0.0025215151631000003,-0.034405215850000226,0.005662767978000249
0.028235638016000042,0.006200000000000004,0.0321,0.025968700995852984,0.0024000000000000063,-3.2892164467352867,-2.616389268666299,0.0345,0.5441768274370833,0.008515019082699915,-3.260525063334708,-0.6728271780689877,0.0043170946320999996,-0.028771080961999984,-0.0022082838979998742
-0.053847355264000085,0.0076999999999999985,0.0308,0.026252373051082373,0.0022999999999999965,-3.2385651056071607,-2.5629110824947325,0.0331,0.5998188749183885,0.007244879742674959,-3.294980151452037,-0.6756540231124282,0.002327967788019999,0.03469725239999999,-0.0003681263499999421
0.07569794660299989,0.007199999999999998,0.0329,0.030350990396159343,0.0032000000000000015,-3.3098677084259727,-2.6283485658611463,0.0361,0.5658765324166981,0.011977642547102985,-3.2385651056071607,-0.681519142564826,0.0012765976945200005,-0.04200885907999996,-0.003789214820000053
-0.10431941065299999,0.008099999999999996,0.0353,0.03411009375912244,0.0011000000000000038,-3.182306140086476,-2.5034653551777684,0.0364,0.6241507779969319,0.007104761644415758,-3.2926753078855997,-0.6788407849087074,0.00432685211539,0.003669533767999944,-0.006172589717999943
-0.06474349182100003,0.012200000000000003,0.0304,0.03465249582245668,0.0019000000000000024,-3.1064138030060633,-2.4737166784944566,0.0323,0.6536757786499575,0.003527300000000011,-3.1654043292838727,-0.6326971245116066,0.00917151470159,0.0802081284499998,0.024056201355000084
0.05410025238800009,0.010499999999999995,0.013000000000000001,0.028763281305552606,0.019099999999999995,-3.169068194102598,-2.5958249407681735,0.0321,0.6685916375682693,0.014042075005530563,-3.117649876272989,-0.5732432533344243,0.00198983487835,0.01173146320000007,-0.007281206768000148
0.0740911004,0.009800000000000003,0.0083,0.021255083948884434,0.024099999999999996,-3.2638602427382324,-2.7369792282189436,0.0324,0.6246601698105315,0.003468868394609803,-3.191926332178648,-0.5268810145192884,0.0017990179692700002,0.002402630239999981,0.013173987745999982
0.1067466583250003,0.007800000000000001,0.024399999999999998,0.013849507393254188,0.013600000000000001,-3.3651008774939406,-2.855431991855774,0.038,0.5613711966020786,-1.3287172899723032e-06,-3.2638602427382324,-0.509668885638167,0.0017120072360699997,-0.0809706388100001,0.025009618650000065
0.10387611555200005,0.007699999999999992,0.0277,0.02348824721075824,0.010499999999999999,-3.4515283083605306,-2.9498875941716123,0.0382,0.511779319797824,-1.3287172899723032e-06,-3.3536064980682054,-0.5016407141889182,0.00309232943154,0.0073956226400000435,0.007993115729999722
0.008518118854999868,0.007199999999999998,0.027999999999999997,0.02483264990534871,0.012300000000000005,-3.44432180829591,-2.880678628690505,0.0403,0.5168602815309701,-1.3287172899723032e-06,-3.4401645497102153,-0.563643179605405,0.0019121786993300004,0.005312530879999944,-0.003928858055999962
0.0552451513329999,0.0058,0.0321,0.02677493052822546,0.009800000000000003,-3.4862981823349153,-2.844738370565463,0.0419,0.483219390926041,0.006908414662739393,-3.433085735028984,-0.6415598117694521,0.0018253147183299998,-0.011206344150000103,-0.012922553097999834
-0.02870667971999985,0.006600000000000002,0.0404,0.03032663932414419,0.0025000000000000022,-3.447616940217251,-2.808383524317137,0.0429,0.4923378926038501,0.0045726971343449385,-3.4751869569098446,-0.6392334159001143,0.003313809627429999,-0.0038352897799999175,-0.0029431776440002055
0.05210854657999975,0.006999999999999999,0.0449,0.02266657146681858,-0.00020000000000000573,-3.4881935794230414,-2.871679624884012,0.0447,0.45778379651436646,0.0034149000000001095,-3.4366278186416563,-0.6165139545390295,0.0014167110369300005,-0.013024951850000188,0.03335756345000018
-0.076972755547,0.007599999999999996,0.0331,0.025399289455909323,0.008,-3.3508080012835433,-2.792666052966421,0.0411,0.5497980830049141,-1.2927690000719139e-06,-3.4298215732011346,-0.5581419483171222,0.0030022774936499987,0.06092604313600014,-0.017737617200000333
0.03011895022400024,0.008099999999999996,0.0246,0.024180530763944576,0.0161,-3.3738174006459962,-2.8599195778430353,0.0407,0.5291748618525803,0.00793578918460991,-3.3456666017831247,-0.5138978228029608,0.0015674426783099998,0.015205989680000087,-0.005461934538000035
-0.05914007025399992,0.007599999999999996,0.0248,0.02823779472720289,0.0139,-3.312226043244318,-2.795265430910811,0.0387,0.5843417106215741,0.0011267999999999834,-3.373817400645996,-0.5169606123335067,0.003325992709590001,0.03757734079999997,-0.006414165146999773
0.08543032325000022,0.0075,0.0225,0.02274001562785402,0.0155,-3.3945083935113587,-2.877547781177852,0.038,0.5504229651398789,0.005619835525759953,-3.312226043244318,-0.5169606123335067,0.0021012171798200003,0.01825673559200003,-0.014126873832000175
0.12302928581999972,0.008,0.0239,0.02278599920715289,0.015799999999999998,-3.5126219479699685,-3.0471388301355513,0.0397,0.5466798693525264,0.0,-3.3996497930117777,-0.46548311783441737,0.0016816656058699997,0.005352381799999861,0.027753696880000067
-0.006580274283999987,0.007000000000000006,0.0233,0.02251497021573128,0.017099999999999997,-3.5061454411376034,-3.0602707946915624,0.0404,0.5408211006491607,0.0011191999999999869,-3.512621947969969,-0.445874646446041,0.0019273824866699997,-0.0007042532499998977,-0.013998532030000232
0.03175511042000001,0.006699999999999998,0.022799999999999997,0.025548271140300696,0.017500000000000005,-3.5277101536730893,-3.085513036296195,0.0403,0.5275167210963905,0.005579776141293236,-3.4958889409704144,-0.4421971173768944,0.0018358937185500002,0.012582658429999949,0.004041717890000074
0.07088952067999998,0.0068000000000000005,0.026000000000000002,0.022919403299226877,0.0155,-3.5672989945893465,-3.110375589205707,0.0415,0.5059222583910058,0.0,-3.497557115502402,-0.45692340538363985,0.0009907661160699999,-0.007477772499999924,0.020372940043999588
-0.028204632342999858,0.006500000000000006,0.027200000000000002,0.02469778343323647,0.0126,-3.529096110513327,-3.0271331740051814,0.0398,0.5457245915552726,0.004444427284060248,-3.557446698146335,-0.5019629365081453,0.0013507473139800004,0.03441038517400008,-0.0058688370140000945
-0.21321595000000004,0.00739999999999999,0.0273,0.02709096507855056,0.012799999999999995,-3.2800713858951203,-2.7586227747378422,0.0401,0.6873574686431015,0.0022123999999998922,-3.5193399355679618,-0.5214486111572781,0.016861459503539997,0.005140153327999775,0.006422926672000173
0.026446396640000147,0.007100000000000002,0.0278,0.02986553784138578,0.012000000000000004,-3.297793639731961,-2.7688636624999825,0.0398,0.666344260596221,0.007717135731249769,-3.2704094749833836,-0.5289299772319787,0.003795778211600788,0.013742506637000051,0.00804977245799976
0.12304880480000002,0.0068000000000000005,0.0287,0.01932095156086341,0.0108,-3.3885987898258336,-2.8445291074806884,0.0395,0.5916270510657875,-0.002194195055070014,-3.2740395537238536,-0.5440696823451451,0.005270773408195311,0.014054451740000085,0.001317705227999788
0.0542157958399998,0.0068999999999999895,0.028900000000000002,0.013752751639743549,0.011199999999999995,-3.4327861834730404,-2.8872221489932683,0.0401,0.587528570591338,0.0032949122042891243,-3.379252927407596,-0.5455640344797723,0.0014518383795676382,0.0016005499279998503,0.009234375354000068
0.04162438983200012,0.006099999999999994,0.029900000000000003,0.01778113881692874,0.010799999999999997,-3.4509971370329398,-2.8939821307975744,0.0407,0.5672815753734721,0.004371600000000031,-3.409796665248342,-0.5570150062353652,0.0008869144923829082,0.0029993247560000658,0.0009747999799998297
0.03312475405999993,0.005299999999999999,0.0338,0.010458638460632193,0.007200000000000005,-3.479498232075913,-2.8962467223391855,0.041,0.547223624776539,0.00435260000000004,-3.4464619818675484,-0.5832515097367278,0.001186615971968028,0.005608592603999929,-0.0016133051439999324
0.0470695801390002,0.0049999999999999975,0.0352,0.008938386990448308,0.006499999999999999,-3.493579301687392,-2.9264728420228114,0.0417,0.5255914542237368,0.004339574136424051,-3.448315304639226,-0.5671064596645803,0.003887264299793279,0.0018852479560000912,0.001100317053999822
0.05533704886399993,0.004500000000000004,0.0354,0.017686041688575974,0.006999999999999999,-3.523326388280894,-2.938883409321839,0.0424,0.5236754417243542,0.0010793312582875192,-3.471886477076132,-0.5844429789590556,0.00036975203409203816,0.0011922956979999455,0.006666973026000056
0.033944213959999914,0.004399999999999994,0.0348,0.02034544066088769,0.007100000000000002,-3.5358311076703948,-2.937364053339379,0.0419,0.5122068550811786,0.0032368261073600912,-3.5020941681751205,-0.5984670543310151,0.0008783831677445011,0.016690592149999572,-0.0021211227099995345
0.030447391399999857,0.0040000000000000036,0.0353,0.02029283396200371,0.0068000000000000005,-3.5409593240373143,-2.9355689547169472,0.0421,0.4865371214457886,0.003223994926413898,-3.510933556048667,-0.6053903693203669,0.0007953303586425886,0.007815607999999807,0.003222362404000423
0.006776307152000172,0.003699999999999995,0.0384,0.02305375692524803,0.0039000000000000007,-3.5234150143864045,-2.9245785132977007,0.0423,0.4872273002871426,0.004288333908597064,-3.5166666314682695,-0.5988365010887039,0.0007511228990035443,0.00902533192999977,0.004413130470000137
0.01871926675399993,0.003600000000000006,0.0393,0.019147266890257697,0.0029,-3.520112673677798,-2.9129079229185777,0.0422,0.469489904954727,0.0010677999999999521,-3.503612387090225,-0.6072047507592206,0.0007036296082973602,0.010834790240000114,-0.0006166914920000544
-0.02355593171199999,0.0038999999999999937,0.038,0.01755078031940982,0.004299999999999998,-3.472894129499897,-2.8553296301059587,0.0423,0.480858956487679,0.010650803623601046,-3.496855811513531,-0.6175644993939382,0.002325898196766681,0.010131890455999937,-0.008533180959999997
0.06967651399999997,0.0039000000000000076,0.0392,0.016840036107083383,0.0040999999999999995,-3.5210390042975073,-2.893935236054553,0.0433,0.4485374712544864,0.0010509351711776027,-3.4539182280408913,-0.6271037682429539,0.0009285012922380069,-0.0025059102760000007,0.002302821985999959
0.02637043367900027,0.0034000000000000002,0.0438,0.020768512543726952,0.0011999999999999997,-3.5258197209687805,-2.879717904098889,0.045,0.43063780616140146,0.006321378084858109,-3.4987332467832086,-0.6461018168698913,0.0006311635084106437,-0.011289309427999994,-0.004720129894000058
-0.036973680550000054,0.0040000000000000036,0.045899999999999996,0.016728330125890357,0.00010000000000000286,-3.4687663782095144,-2.8159916529399567,0.046,0.49017593563805056,0.009409261778960065,-3.5040006735741405,-0.6527747252695579,0.0014198778760435326,-0.0065801439999998435,-0.008390879326000134
-0.04990805543199994,0.0051,0.045,0.01707785924318335,0.002700000000000001,-3.399311033543267,-2.7421389554415994,0.0477,0.5209746006206183,0.008293422602210887,-3.4509405942569136,-0.6571720781016673,0.0027879474032295334,-0.013743369472000055,0.015436079331999975
-0.09650340774999999,0.0059999999999999915,0.0537,0.016858335137052437,-0.005699999999999997,-3.2768182450203582,-2.6315101239798757,0.048,0.5854924956730645,0.010278472304163122,-3.378331243074072,-0.6453081210404822,0.005779329483436073,0.00817199050399986,-0.03609465070799989
0.04991845789599991,0.007899999999999997,0.0496,0.017185979638417673,-0.0040999999999999995,-3.3318311204141913,-2.672345222427378,0.0455,0.5769451055759905,0.005088029017239926,-3.283762717373169,-0.6594858979868133,0.003948134947090635,0.04927902372800008,-0.004647862948000014
0.12295779596000012,0.007199999999999998,0.0426,0.014930902704625538,0.0029,-3.4373186900761494,-2.806413818393425,0.0455,0.5495507979399062,0.0030400520329099123,-3.321432413193293,-0.6309048716827245,0.0016470278508183972,0.012620261267999977,0.023355986081999847
0.005760840500000031,0.007100000000000002,0.0354,0.010149862562818258,0.015300000000000001,-3.4421848797273227,-2.8335443785419976,0.0507,0.5532048450468463,0.008077822144403557,-3.43731869007615,-0.6086405011853248,0.0027981698012483577,-0.06306045088799994,0.009161519305999954
0.06651438396800002,0.0075,0.044199999999999996,0.0055949699287714105,0.007500000000000007,-3.5001331934486815,-2.904009989170796,0.0517,0.5135648457902575,0.010010973600933282,-3.4353120004395605,-0.5961232042778858,0.0008736087677706381,-0.0020564571519999797,0.014885520174000022
-0.0030451016650000495,0.007399999999999997,0.049699999999999994,0.014249026928517497,0.0059000000000000025,-3.497648462902272,-2.895880841004709,0.0556,0.525792445117168,0.00892411570048579,-3.5001331934486815,-0.6017676218975627,0.001670584098116792,-0.040745267199999824,-0.0017830159360001652
-0.06614532880000012,0.00739999999999999,0.051699999999999996,0.01257013027606758,0.004300000000000005,-3.4202242567168493,-2.8082503662007268,0.056,0.5668098064638919,0.011786973757898611,-3.4874269088307335,-0.6119738905161228,0.0026992452002392443,0.007568654688000054,0.01187822398299998
0.10414002668200006,0.00789999999999999,0.0552,0.01204878555190894,-0.001799999999999996,-3.5056879538114414,-2.883566287274844,0.0534,0.5307418133214524,0.01164768753078338,-3.406756039665983,-0.6221216665365976,0.002493610578519571,0.05072085503000001,-0.030407707638000048
0.030297937958000176,0.008200000000000006,0.0519,0.01828627229543216,0.0011999999999999997,-3.5229573417895956,-2.8980960690957818,0.0531,0.5091954391476721,0.010557092968468407,-3.4923987216927586,-0.624861272693814,0.001341254014703429,0.018099698434000056,0.03170912852800001
0.011380668163999852,0.007800000000000001,0.0596,0.031947724530355645,0.0001999999999999988,-3.521366276817067,-2.8921063637083733,0.0598,0.5049006622516556,0.01234160078016755,-3.5098423997117676,-0.6292599131086942,0.0008653439660643666,-0.07460217940400005,0.013954734124000057
-0.023860263295999884,0.006600000000000009,0.0602,0.03941822123810828,0.001800000000000003,-3.488755204305239,-2.858857054052993,0.062,0.5570402360285629,0.014991097209195337,-3.511641726925072,-0.6298981502522459,0.0017439975551587776,-0.015503006520000029,-0.006772945479999959
-0.037324545237999884,0.007199999999999998,0.0644,0.04513985911310505,-0.0020999999999999977,-3.4409709034041898,-2.817273111116116,0.0623,0.596777333684536,0.015695120750200964,-3.479124311244278,-0.6236977922880739,0.0017295465754487,0.01282810477999985,0.0007465836450002428
-0.04684864810599987,0.00910000000000001,0.0709,0.04831704807869861,-0.0032000000000000084,-3.386486531145586,-2.7606329863196324,0.0677,0.6408884625318231,0.013642472632509506,-3.43460145511871,-0.6258535448259536,0.004115472091783725,-0.05220471551899997,0.026340339918999867
-0.009798906687999986,0.009300000000000017,0.0782,0.03426059718260288,-0.009500000000000008,-3.3718685107902746,-2.768036855704809,0.0687,0.6510820130941076,0.015247153413903813,-3.3833169563843075,-0.6038316550854652,0.0024264144617099043,0.004436121259999926,-0.05236531578199999
-0.0261492597759998,0.007900000000000004,0.0663,0.03584588974233109,-0.00019999999999999185,-3.341958497480081,-2.7675806432176713,0.0661,0.6903267690975978,0.01413750980559847,-3.368708950499906,-0.5743778542624098,0.0030893484189600177,0.04929268823599986,0.0007262774190002208
-0.1890899090999999,0.0076999999999999985,0.0668,0.042221272536130595,0.004100000000000006,-3.129735253077138,-2.5782385895802196,0.0709,0.7933814170555791,0.01567865934308177,-3.338808888577185,-0.5514966634969183,0.012418442369067336,-0.04175488397599991,0.000958294725999953
0.15717296327999986,0.013000000000000012,0.061200000000000004,0.03796451798776979,0.0068000000000000005,-3.2732927622451475,-2.75434970395919,0.068,0.7129147604774675,0.010297553203622467,-3.1265955330724697,-0.5189430582859575,0.005071545782281653,0.05342200809200004,0.027553560308000158
0.0961367070079997,0.014799999999999994,0.0487,0.03153647360130693,0.016099999999999996,-3.385584682294441,-2.888312024933154,0.0648,0.6464263576979926,0.013585209750101468,-3.29548067722051,-0.49727265736128706,0.002464049025675956,0.05837217239600001,0.028861691795999844
0.08952181528000014,0.012500000000000011,0.0338,0.026390061470885174,0.025500000000000002,-3.4800942999857396,-2.9557679890008464,0.0593,0.6338113825093712,0.005870025466889972,-3.3952465932061786,-0.5243263109848932,0.0014852037604614007,0.0878360165719998,-0.04700509226799987
-0.00671576789799988,0.011099999999999999,0.0475,0.027151735757879464,0.016600000000000004,-3.4739945860581387,-2.9306923736142396,0.0641,0.6432210427093387,0.01415532360384919,-3.4800942999857396,-0.543302212443899,0.0017713710043106752,-0.04432377998199999,0.015283015553999912
-0.013285002160000059,0.011499999999999996,0.046900000000000004,0.027800351312739984,0.012899999999999995,-3.4635012649983103,-2.896491728037949,0.0598,0.6460848296306315,0.005754904570800079,-3.477236079982309,-0.5670095369603609,0.0034939210391090503,0.07166622251999977,-0.02964288981999985
0.038785265999999874,0.011300000000000018,0.0401,0.033892573326905526,0.019600000000000006,-3.5041772155818185,-2.8853886023404196,0.0597,0.6439002471354752,0.007353981581024183,-3.4667533003846875,-0.6187886132413987,0.003711175022896455,0.01637396464399976,0.03780316905000003
0.050018397932000136,0.009999999999999995,0.0373,0.03174917698695752,0.024,-3.553018687037596,-2.915115677772882,0.0613,0.6459019878813649,0.007297604305781524,-3.5041772155818185,-0.6379030092647141,0.0013237135407276072,-0.005775485391999902,0.01555785064799975
-0.00028282974400017924,0.009699999999999986,0.0391,0.0343242650151187,0.021599999999999994,-3.5524588288537085,-2.8873894630483035,0.0607,0.6540154785098437,0.008053508951808563,-3.5530186870375955,-0.6650693658054049,0.0015177952032027883,0.023079376149999886,-0.01015735408999996
0.03210718303000015,0.0087,0.0466,0.03299210915721492,0.013999999999999999,-3.5740657958123547,-2.8906431651444042,0.0606,0.6373850011014718,0.00958275104738604,-3.5427342789617136,-0.6834226306679505,0.0016561977245242061,0.01605877008799994,-0.002705483127999786
0.0684240304399999,0.008499999999999994,0.0507,0.0342805004703352,0.0092,-3.6205362359327014,-2.911690145829652,0.0599,0.5956745946157919,0.008703522048087109,-3.5548958797046346,-0.708846090103049,0.00186389541868237,0.0225633295640002,0.01227405983999974
-0.05749582395999997,0.00739999999999999,0.060899999999999996,0.03670740406489394,0.0076999999999999985,-3.5541830302154604,-2.797281334830153,0.0686,0.6760181280953933,0.019564906769199197,-3.6110873467347684,-0.7569016953853078,0.0033377628904636665,-0.022797048507999906,0.02417062261799996
-0.06553098820000003,0.0076000000000000095,0.0719,0.03893737568684105,-0.0009000000000000119,-3.471314449535722,-2.6686487431692867,0.071,0.7209743077906494,0.01996400483006644,-3.538630617207976,-0.8026657063664353,0.006759663680889175,-0.00803580856999997,0.00459983179399992
0.04081673195000013,0.010000000000000009,0.08289999999999999,0.03430027726950542,-0.012599999999999986,-3.489156614095119,-2.646184019966538,0.0703,0.6788089958821666,0.023244370624266875,-3.4499395899509886,-0.8429725941285812,0.0038984545240619006,0.025719571645999917,-0.0043016579819996625
-0.0998071168000001,0.008000000000000007,0.0745,0.012841074409624344,-0.001899999999999999,-3.3565896354470044,-2.4811208980931045,0.0726,0.7555884634369932,0.0220583224628772,-3.4623293718619745,-0.8754687373539001,0.011072830332886878,-0.00541646370999993,-0.002345238118000248
-0.03625406264800002,0.006099999999999994,0.0796,0.010207058646875669,-0.0013000000000000095,-3.301813404605037,-2.4196235665780597,0.0783,0.8151840128501915,0.033026039914406446,-3.3390964779994876,-0.8821898380269773,0.006981113560032411,-0.03956822166399998,0.004598678102999965
-0.0847564004439999,0.00799999999999998,0.079,0.007816028295732897,0.0021999999999999936,-3.193049425308302,-2.286437106586064,0.0812,0.8601587717002531,0.026429906626467936,-3.281784122729464,-0.9066123187222388,0.006128292019632399,-0.00887109035500011,-0.04290415521999991
-0.26148398742,0.009400000000000006,0.0806,0.00498447248578846,0.0030999999999999917,-2.8735174263411825,-1.9422969175695033,0.0837,1.135440143451725,0.03249041083600246,-3.1761950937533197,-0.9312205087716794,0.017520253606679477,-0.0019757281840000473,-0.02878241246399993
0.07976044467200016,0.0174,0.07150000000000001,0.008907642227435767,0.00449999999999999,-2.9412352484518447,-2.042782224763711,0.076,1.1200181747371154,0.024290927722230515,-2.8651956030036905,-0.8984530236881335,0.01741317545126715,0.09830785760499983,-0.005331673479999743
0.21470569941499984,0.018100000000000005,0.054900000000000004,0.02061813018384636,0.027499999999999997,-3.1202558258242172,-2.2890021366359745,0.0824,0.9724663151728178,0.015401552461290713,-2.924796522108685,-0.8312536891882428,0.008598853512716729,0.008236360174999957,0.039349481781000284
0.1426929434719999,0.01849999999999999,0.053399999999999996,0.02314047898223383,0.0279,-3.2448430176438703,-2.481445894406922,0.0813,0.8498390197840704,0.017687744682307605,-3.1121367013857126,-0.7633971232369479,0.005474305045991194,0.0318904934719999,0.004016870880000134
-0.11902918866400003,0.016600000000000004,0.0642,0.02798741028345209,0.022000000000000006,-3.1209351613461416,-2.380285646801193,0.0862,0.9409482541442031,0.018606943271229026,-3.247542074613035,-0.7406495145449485,0.005892164815434038,-0.025089519768000113,-0.007700341731999738
0.07421303808000013,0.017700000000000007,0.054400000000000004,0.02359733013458813,0.026099999999999998,-3.196292098125181,-2.427489556321325,0.0805,0.8763388510223954,0.0164573201568341,-3.1236415229438843,-0.7688025418038559,0.00429806724588223,0.07648945774999993,0.01575769276200001
0.13957558231999978,0.016,0.05,0.015000342073578603,0.029200000000000004,-3.321461605017638,-2.473778759062638,0.0792,0.7840312171694431,0.007207145286766359,-3.1908866795582727,-0.847682845955,0.0044654377300081,0.032109046279999776,0.010023378876000022
0.015582733100000024,0.012700000000000003,0.0541,0.018952447317890288,0.02659999999999999,-3.3147135699709662,-2.422456037540967,0.0807,0.7814276311853049,0.015481623457130889,-3.300127462542647,-0.892257532429999,0.0029151844439017065,0.006479768447999801,-0.0034410866979996957
0.008937014749999861,0.010199999999999987,0.0508,0.023806384351064067,0.027300000000000005,-3.2901518023697207,-2.399702301679453,0.0781,0.7913632737151456,0.014660532428460327,-3.28098793526293,-0.8904495006902677,0.0021223627093197393,0.043986016409999884,0.011698521562999886
0.02020175623999987,0.01139999999999998,0.0435,0.028690981684075488,0.0286,-3.268573715245965,-2.383574336958779,0.0721,0.7799731249688947,0.009832697271368929,-3.2476984861173817,-0.8849993782871863,0.0029641456455630107,0.07667728165200005,-0.0014964031420001689
-0.08590254976,0.010199999999999987,0.046,0.03051548294365656,0.031200000000000006,-3.1423250525015067,-2.2786907727946097,0.0772,0.8684299283017637,0.02228608385210129,-3.2301997023643496,-0.8636342797068971,0.001696038361470014,-0.03480581990799991,0.011663369547999958
0.020615486975000152,0.009599999999999997,0.050199999999999995,0.032040779066639415,0.0252,-3.128354161795673,-2.2662316663946678,0.0754,0.8711120811961149,0.020132935869762614,-3.1076394945136165,-0.8621224954010053,0.0021830174984921757,0.03641164550000009,0.0021567094999999092
-0.039451639491999924,0.008800000000000016,0.0581,0.03245536725194067,0.018299999999999997,-3.0547266078976647,-2.198675956400866,0.0764,0.9422625160840977,0.012076784031340715,-3.094831469757029,-0.8560506514967985,0.0016403504791622405,0.00972468194000009,0.0011397130200001548
-0.014550407079999994,0.008000000000000007,0.060700000000000004,0.03050137306488183,0.019599999999999992,-3.005241061523018,-2.1670840326064753,0.0803,0.9603330245316843,0.011390220024665831,-3.0201659328321973,-0.8381570289165428,0.002740347006600416,-0.016885036967999922,0.00863795035800008
-0.06363822674399999,0.007499999999999993,0.0629,0.027502777809609948,0.020199999999999996,-2.9140784201971517,-2.1003971706089333,0.0831,1.1114925530791169,0.019815575116911788,-2.978014248822804,-0.8136812495882186,0.002200801871884949,-0.009687233279999985,0.010025692641999928
0.07163011663999996,0.008400000000000005,0.0673,0.01642911453372671,0.019199999999999995,-2.960052757701318,-2.140851565531565,0.0865,1.0279015812931191,0.028838369642522066,-2.891605564345093,-0.8192011921697528,0.0038536501367227127,-0.012458057979999881,0.0016528251119998227
0.07399473080000019,0.007300000000000015,0.0785,0.01267198336689829,0.007499999999999993,-3.0128468842722773,-2.1818374251499693,0.086,0.9722575131089601,0.0204106287809811,-2.9420342521986402,-0.831009459122308,0.0028001444754150837,0.025425775555999897,0.005660708508000267
-0.06330005608599998,0.0077999999999999875,0.0908,0.01473480538760546,-0.0010000000000000009,-2.9323389297837767,-2.0534580516589402,0.0898,1.045701295636079,0.0180055758811688,-2.997098527304138,-0.8788808781248365,0.006946542255574163,-0.014458786000000057,-0.006117830489999809
0.056606450480000126,0.008900000000000005,0.09480000000000001,0.011541451326869217,-0.004600000000000007,-2.9646236067705027,-2.0331810698757455,0.0902,1.0330789394326012,0.030400151087947913,-2.9091718705022416,-0.9314425368947573,0.002615927332694903,0.01831106373499991,-0.0022897202470000266
0.012728972892000145,0.010900000000000007,0.0906,0.012025454435745767,-0.0029,-2.9474558662777715,-1.9962270830423359,0.0877,1.0578636072115728,0.0356550877452686,-2.934546151533225,-0.9512287832354354,0.002142543402485832,0.04616197884800011,-0.0013102881120004017
0.06245896556399999,0.010999999999999996,0.1026,0.009217458767784972,-0.009899999999999992,-2.9786812527973763,-2.011205146027834,0.0927,1.0137949873659768,0.03123112148453866,-2.9182567115855096,-0.967476106769542,0.002447230840533451,-0.02402421294999979,0.0036671362439997246
-0.01242999693999991,0.013200000000000003,0.1204,0.010382317139676122,-0.019199999999999995,-2.9411093423499923,-1.9829024779008835,0.1012,1.0619500679590814,0.028954870859348114,-2.953813186219363,-0.9582068644491085,0.004617322233062761,-0.05023251840700005,-0.028600502952999873
-0.05243215301600013,0.014899999999999969,0.152,0.011786772464233448,-0.0281,-2.852598779517429,-1.8986557572399532,0.1239,1.0937321030862233,0.04275594919535064,-2.908319519527002,-0.9539430222774756,0.008425917363411669,-0.14514333480499997,0.01301819145500005
0.1177429935769998,0.021300000000000013,0.0707,0.015228093646352754,0.029899999999999996,-2.9432142392705445,-2.034259318886603,0.1006,0.9901834270439672,0.03235162333299679,-2.8307675178601945,-0.9089549203839417,0.005626350729565461,0.24368224118299997,-0.0014121202229999685
0.09900783871999996,0.01679999999999998,0.1027,0.02390979529775807,0.015799999999999995,-3.017162240509546,-2.1482294741354315,0.1185,0.9216876514875271,0.01649513881620579,-2.9234767564322226,-0.8689327663741145,0.005728394870320534,-0.112618595584,0.005453781098999855
0.0822800346999999,0.01930000000000001,0.1549,0.026943667687391423,-0.035,-3.0799084385446345,-2.21491100105803,0.1199,0.8915030238902892,0.026501567568091078,-3.0010068002872607,-0.8649974374866044,0.00756124301151412,0.01805398239999989,-0.007833842743999897
0.0021558945000001994,0.020100000000000007,0.1336,0.028084793165161014,-0.008800000000000002,-3.068935677577286,-2.23300415915554,0.1248,0.9249205574426967,0.02581474921941096,-3.067169412767205,-0.835931518421746,0.005204287866349884,-0.018192540399999957,0.008512226069999795
-0.03401735103999992,0.02049999999999999,0.14730000000000001,0.028006573667981784,-0.016900000000000026,-3.0158245548680966,-2.168082447472254,0.1304,0.9504749815739907,0.02329537839314666,-3.051680347486524,-0.8477421073958425,0.0027492332491677518,-0.0108504469159999,-0.008875646849000218
-0.11458963715500003,0.014300000000000007,0.147,0.02149638641891096,0.0012000000000000066,-2.875675662917226,-2.0292505933338454,0.1482,1.092378644203393,0.02934008643636532,-2.997334043470464,-0.8464250695833806,0.005689100541741528,-0.08598562740999993,-0.0029296822500000097
0.054083784599000095,0.0232,0.1085,0.01200690482481133,0.02489999999999999,-2.9139022553063585,-2.0767523822545955,0.1334,1.0611428571428572,0.007866372043838776,-2.8605238578966232,-0.8371498730517632,0.0044880526029954255,0.14749141142999989,-0.030843603489999705
-0.08520008601999995,0.022400000000000003,0.1268,0.0056059177058675495,0.011899999999999994,-2.810081739723037,-2.0228390363675453,0.1387,1.1857505742795678,0.005671943029040838,-2.900459185049906,-0.7872427033554917,0.006235390202024095,0.046512333931999716,0.0025328501799999348
-0.020171485978000114,0.021100000000000008,0.1247,0.0012642471909563421,0.016499999999999987,-2.7770691393722613,-2.045801557525043,0.1412,1.2015814171172392,0.026359566054171113,-2.7982821927918824,-0.7312675818472183,0.003591928879353836,0.017616381914000057,-0.008055476993999777
0.10033094817800015,0.026900000000000007,0.07919999999999999,0.000676432599589652,0.03910000000000001,-2.865278190298508,-2.183861349524052,0.1183,1.0885355648535564,0.009272350450365119,-2.771221169489838,-0.6814168407744557,0.00950581043650194,0.20207738165800038,0.011302711881999494
0.16992994246399995,0.023099999999999996,0.0794,0.003010051701193097,0.030100000000000002,-3.0161323489112997,-2.4093370452181553,0.1095,0.9322147266229671,-0.0030820030753478944,-2.8609145470107347,-0.6067953036931444,0.014107795521096422,0.09635876438399982,0.013020101988000077
0.08661957162500022,0.018799999999999997,0.08349999999999999,0.0060700060657900325,0.024800000000000003,-3.095760679673513,-2.5108683727977583,0.1083,0.7800677858109962,0.003416779247550572,-3.0117876643072883,-0.5848923068757544,0.006764320258905391,0.007221990631999908,0.033213272664000204
0.09747528958100005,0.01629999999999998,0.08789999999999999,0.015851538383096442,0.024000000000000007,-3.184439052698639,-2.5917156789887117,0.1119,0.7213820419653671,0.015972851185493964,-3.0899969749567635,-0.5927233737099274,0.0039075129390247106,-0.0010703089000000388,0.016999916291999928
-0.012458714665000037,0.011800000000000019,0.09,0.023098287983874654,0.0257,-3.1622226803960882,-2.5246453509909537,0.1157,0.7148475829798966,0.012385704266269615,-3.1744318212223943,-0.6375773294051346,0.004719163112871149,0.0014445914000000837,-0.004469417760000094
-0.006277044713999924,0.011800000000000005,0.09,0.026986610773141555,0.029700000000000004,-3.1426134160361765,-2.4643232473456913,0.1197,0.7003591177779189,0.005627145054409199,-3.1495016607947774,-0.6782901686904852,0.002479772963834916,-0.0010702247960000522,0.009396231946000033
-0.03189100544500001,0.01419999999999999,0.09519999999999999,0.023963288147572908,0.030100000000000002,-3.09179660120703,-2.3448006115213924,0.1253,0.7624754268643391,0.012491697725258932,-3.1272821052893875,-0.7469959896856376,0.0041686702367191705,-0.00953050460800009,-0.004853281991999858
-0.03693059578000002,0.014999999999999986,0.0987,0.001234768318705926,0.0387,-3.0382748578550234,-2.246602458243109,0.1374,0.7843518191451784,0.011042595903761665,-3.076696794751279,-0.7916723996119142,0.003644340806336124,-0.047481573,0.011034739540999983
0.08495730658399991,0.0169,0.10369999999999999,-0.009433953601117049,0.019800000000000012,-3.1070641578895812,-2.3055998676621354,0.1235,0.7360509152986219,0.012204999161233188,-3.0260878417517794,-0.8014642902274458,0.0049357173373421985,0.13528620359599985,-0.009926674367999766
0.006776495036000085,0.012700000000000003,0.0806,-0.02715303970765934,0.0364,-3.095236839039007,-2.307620471095302,0.117,0.7330983764867074,0.0031762109310502495,-3.0883969491698915,-0.787616367943705,0.003502243204819687,0.07828589401800023,0.015145787773999775
0.0799277706799999,0.011299999999999977,0.0852,-0.02477624359309951,0.0329,-3.1579972645621166,-2.399945418965959,0.1181,0.7236457790618734,0.010439456531973423,-3.0808103593287837,-0.7580518455961576,0.0031834024960813263,0.015554358235999821,-0.0037742275109997614
0.06465238331199985,0.014600000000000002,0.0695,-0.026589362514855136,0.03599999999999999,-3.2064436523134052,-2.5088020821656207,0.1055,0.6864301439204469,0.01095834818854513,-3.1463466473421415,-0.6976415701477846,0.002035260919203981,0.13181507014399996,-0.00854144438399973
-0.052621340056000054,0.014100000000000001,0.071,-0.03130675221003458,0.03720000000000001,-3.142659544496851,-2.4811789840308958,0.1082,0.6899588297720208,0.006817538178536031,-3.1949272102518465,-0.6614805604659554,0.002214168284741917,0.00531818902000003,0.015463667320000152
0.1624127206639998,0.014200000000000004,0.071,-0.019502529994059437,0.02460000000000001,-3.2812709927298322,-2.6714780422262687,0.0956,0.59269268816231,0.008923287326415119,-3.1325328756789217,-0.6097929505035637,0.0030849081256177787,0.13342669605799995,-0.01207399468800019
0.1321024288399999,0.015,0.06559999999999999,-0.016414383824163617,0.01100000000000001,-3.3903729629012918,-2.8005180449351137,0.0766,0.5196276276936782,-0.004295032870582638,-3.2675121765584048,-0.589854917966178,0.004383183193109991,0.19731570874999993,-0.08962832571000012
0.04869752783600001,0.012099999999999986,0.0621,-0.012165508166013889,0.0169,-3.428025105660371,-2.836287751061474,0.079,0.49928145737351537,0.005809269743021206,-3.379254874317315,-0.5917373545988973,0.005425395991705202,-0.00035728480000007945,0.007007832768000211
-0.07972408034200007,0.013099999999999987,0.0521,-0.004924232571127481,0.030599999999999995,-3.334801689368637,-2.7458021680413087,0.0827,0.5346292671335952,0.007000718134148709,-3.41581494175344,-0.5889995213273284,0.007883792192768024,-0.013366973999999976,0.03230241215000018
0.04210815222800024,0.014800000000000008,0.0553,-0.011437394112355854,0.023599999999999996,-3.373384444069858,-2.81687157191484,0.0789,0.49843086579287427,0.002724383416970788,-3.3275465184874653,-0.5565128721550181,0.003983792200220119,0.05447016106599989,0.000369101263000049
0.20455584186800002,0.012499999999999997,0.0559,-0.002283468080227516,0.023600000000000003,-3.547494171024408,-2.961031133052797,0.0795,0.42804021365129363,0.014442865541047567,-3.3614082530231424,-0.5864630379716106,0.005861569831979738,0.013508477593999979,0.005077332469999973
0.041458096756000096,0.011999999999999997,0.0567,0.0051298009075575034,0.031,-3.5687599687965332,-3.048411569549419,0.0877,0.40789239744803657,0.012461840414913494,-3.527458144263987,-0.5203483992471145,0.007753562002134473,-0.04806492282999997,0.007571308950000022
0.05884726459400014,0.011300000000000004,0.064,0.006187444678955745,0.035199999999999995,-3.609551664954601,-3.0102232396123108,0.0992,0.3799667216170829,0.013184561081480695,-3.5525559105418103,-0.5993284253422904,0.005129118992916293,-0.06965146753000007,0.00895563118000009
-0.23482581715000006,0.011799999999999991,0.057699999999999994,0.013341878458973137,0.034300000000000004,-3.369057944979873,-2.64751128989823,0.092,0.5088120154938803,0.0034744843141949477,-3.633369229971187,-0.7215466550816432,0.08458276392833795,0.08382331341499993,0.0025637120850001693
0.04718414675599991,0.011799999999999991,0.057,0.00613110660165825,0.0331,-3.3647497287730466,-2.633779459326458,0.0901,0.5075299538243313,0.00951597577377905,-3.318058638540934,-0.7309702694465887,0.012784052850013156,0.03923142797600021,0.00693721897599997
0.05735434095199965,0.011400000000000007,0.0646,-0.005525903285997506,0.0271,-3.388842573347275,-2.535372806313768,0.0917,0.47111887230297284,0.012847236634984771,-3.33394421254505,-0.853469767033507,0.008376642253348235,0.009805045760000075,0.006802363086999996
-0.006105381597999893,0.01079999999999999,0.0724,-0.004761595223612941,0.019299999999999998,-3.358398746125625,-2.48178549132496,0.0917,0.4775404536870951,0.015213526094638219,-3.3642292387982486,-0.8766132548006649,0.004493677943092108,0.022811598300000124,0.003840687655999986
0.018284847632000112,0.01079999999999999,0.08070000000000001,-0.021639155594369085,0.011099999999999999,-3.351399515687159,-2.4590308814044226,0.0918,0.4652835739680988,0.005835762361608765,-3.330257232991498,-0.8923686342827365,0.003607650142377209,0.021712879519999673,-0.007835488862999451
0.059550380671999914,0.0087,0.0882,-0.023258690580705118,0.004699999999999996,-3.3859514909232753,-2.469260037745421,0.0929,0.46869141357330335,0.01490003372483395,-3.3260303215616998,-0.9166914531778543,0.0034271040477062637,0.01426147688599988,-0.0007770045980000084
0.07858279554500003,0.009300000000000003,0.0815,-0.02404819810556873,0.0006000000000000033,-3.4298445924849728,-2.5343511571837896,0.0821,0.4405629369769596,0.014677214092001512,-3.354390686011058,-0.8954934353011833,0.003458169492462357,0.11475265744999996,-0.01287510028499983
0.09777365714000008,0.009000000000000008,0.0775,-0.030119628632349203,0.007199999999999998,-3.4880655639783824,-2.69044861112135,0.0847,0.39920975037321466,0.007242823776400398,-3.394552422406901,-0.7976169528570322,0.0029494680489975,-0.0008215811979999099,0.006036280638000102
0.010282847599999867,0.009600000000000011,0.07629999999999999,-0.01232016359361917,0.005300000000000013,-3.465170131921834,-2.7377745518509062,0.0816,0.39045474357111726,0.00878433533133638,-3.4530712013282825,-0.727395580070928,0.007404141913812787,0.04536802262799999,-0.009953946708000094
-0.0381136002400001,0.008400000000000019,0.079,-0.010270396590595896,0.009900000000000006,-3.4021980586741685,-2.752840315900938,0.0889,0.4713339563609768,0.020538887284728746,-3.4410294871105593,-0.6493577427732308,0.0049328708898594515,-0.04095270729999989,0.01959793208799998
0.053986682540000164,0.009600000000000011,0.07730000000000001,-0.00047046285257552255,0.009099999999999997,-3.424424669839699,-2.8237614778482434,0.0864,0.442949432254078,0.009305389629088223,-3.3726049505268594,-0.6006631919914556,0.0036790492327781724,0.04393231909999984,-0.0032645126599997187
-0.14682305271999996,0.010800000000000004,0.0736,0.0014226453962383658,0.017799999999999996,-3.2531098093067836,-2.6445946056040155,0.0914,0.5202896659707724,0.021469730653804087,-3.4099501727717496,-0.6085152037027679,0.00911101753107434,-0.02031861546100011,0.009945165117000165
0.07977047524999992,0.013799999999999993,0.0674,-0.0017369336225420006,0.017,-3.3073804343769853,-2.739175853130079,0.0844,0.4844968598832044,0.008268698026058008,-3.2313698226703775,-0.5682045812469059,0.007727252194014263,0.08243425240999991,-0.02295537986999996
0.13823387016199984,0.011600000000000013,0.0591,0.003374929433429036,0.025300000000000003,-3.433480963050464,-2.885851315173074,0.0844,0.4571255997199591,0.008948534413869558,-3.305727541438686,-0.5476296478773899,0.0069999515036350424,0.01989994819999974,0.018476192000000058
-0.010345108600000152,0.009500000000000008,0.0557,0.014292990481263217,0.030299999999999994,-3.419304066698421,-2.9508448393040596,0.086,0.4582437430119549,0.007397555701944336,-3.4301833508289072,-0.46845922739436135,0.004837833767076964,0.007611800000000057,0.008310063123999845
0.04523872196799994,0.009000000000000008,0.052199999999999996,0.02311066138253663,0.026800000000000004,-3.4526725270490983,-3.080323027725431,0.079,0.44153183703099674,0.00880845106805661,-3.408661313765982,-0.3723494993236669,0.003617663593010316,0.08205588414000009,-0.009086368465000216
0.07523886860000006,0.009499999999999995,0.0407,0.0316383707632633,0.032299999999999995,-3.5318660741103507,-3.2625900636226404,0.073,0.42034441734015393,0.00509647257333512,-3.459208498028884,-0.2692760104877102,0.005224231710399633,0.07253701266800006,-0.013339805380000014
-0.03215555455800001,0.009000000000000008,0.0404,0.0417099956262012,0.039299999999999995,-3.4894232985772606,-3.2162534889930905,0.0797,0.40210603421764723,0.01013186796567922,-3.5220780677441876,-0.2731698095841701,0.0022554278342312127,-0.03660706674399983,0.02149840912799994
0.010334146399999966,0.008300000000000002,0.0366,0.043040729751515655,0.0399,-3.500386294695566,-3.1754600490714138,0.0765,0.3920423538331407,0.006452400964151561,-3.489423298577261,-0.3249262456241521,0.0031039918704939646,0.04645765759999998,-0.003395183615999775
0.02337176249000006,0.007000000000000006,0.0291,0.041182303912274364,0.04189999999999999,-3.5181131534814143,-3.142411334487988,0.071,0.3976569721096054,0.007835528036451489,-3.4947205571598885,-0.3757018189934264,0.0021392514738608655,0.06613184320999999,-0.015757878930000135
0.04528284991999998,0.008300000000000002,0.0322,0.03881645475181322,0.0404,-3.560894617175746,-3.1278122466945395,0.0726,0.3941096141989526,0.004238788235686686,-3.518920581866015,-0.4330823704812062,0.001923791803963075,0.005317232919999748,0.008474312888000268
0.035368600640000025,0.005699999999999997,0.029500000000000002,0.03710494316857628,0.0407,-3.588824461750978,-3.125251722835533,0.0702,0.33361352638732605,0.01195572919041421,-3.5528495214909146,-0.46357273891544515,0.0025004722224062554,0.06662642152000009,-0.012758321520000226
-0.002784768549999983,0.007400000000000004,0.030699999999999998,0.0410504900032481,0.0361,-3.583097301834052,-3.1487663742857652,0.0668,0.32593124756094427,0.005565214936408491,-3.5856244590203077,-0.43433092754828695,0.0023959445446735867,0.05736966941599997,-0.02064800469599959
0.01782598587999984,0.006799999999999987,0.029500000000000002,0.04172450568887946,0.03320000000000001,-3.6015703273118316,-3.1128727161620304,0.0627,0.32235182146238445,0.00484165869077513,-3.583097301834052,-0.48869761114980104,0.0013612060047685092,0.06386060446999986,-0.020405960369999976
0.016941454363999853,0.0076000000000000095,0.030600000000000002,0.04575517202654804,0.0348,-3.6130425821346757,-3.059120921872198,0.0654,0.3052672229090084,0.004815490938942624,-3.59678944171149,-0.553921660262477,0.0011602608657331692,-0.014581737280000007,0.007393424883999966
-0.044806011759999875,0.006500000000000006,0.035,0.0419300092129408,0.03749999999999999,-3.557414038735003,-2.9769977678188986,0.0725,0.30748380506932604,0.00958669015304281,-3.6027617482056074,-0.5804162709161044,0.0023416674313531524,-0.059148468249999975,0.012214594925999966
-0.0035121367899999534,0.006800000000000014,0.0414,0.03404619404803472,0.036,-3.5438671874557066,-2.869588491200144,0.0774,0.30841707670307816,0.005427902186886158,-3.5472378256745505,-0.6742786962555626,0.002921303787172686,-0.032846229999999976,0.009034672865999904
0.04254365816000005,0.006400000000000003,0.0462,0.029100024886317563,0.033800000000000004,-3.5775503151714187,-2.829115508015208,0.08,0.2909046585988527,0.009443931292207441,-3.5368822929337553,-0.7484348071562105,0.0016895631264205705,-0.006618716842000105,0.007088765277000086
-0.007065819760000203,0.006399999999999989,0.055999999999999994,0.016656839736869596,0.023900000000000005,-3.5509377433377383,-2.7086382634537642,0.0799,0.2915683000067602,0.0020069337813004573,-3.5583999788808236,-0.842299479883974,0.0026997503937927414,0.020249244349999973,-0.007808625649999845
0.09035440284799989,0.0058,0.057300000000000004,0.014357779952888675,0.018199999999999994,-3.6373265621012445,-2.7332497225210277,0.0755,0.3138765418776539,0.011334449712125272,-3.550937743337738,-0.9040768395802171,0.0012460963613195974,0.0664002399410002,-0.0011356214610001025
0.0890706373700001,0.006000000000000005,0.0547,0.008168805590879104,0.012300000000000005,-3.7073135827108774,-2.7613986964742967,0.067,0.28642961789533944,0.007256150717762866,-3.6230137000617546,-0.9459148862365806,0.001965126530916712,0.11248666788999984,-0.022236954314999835
0.07413049184000009,0.006099999999999994,0.0528,0.00625888085040705,0.013499999999999998,-3.7620046691670126,-2.8101250519881504,0.0663,0.2724949975926904,0.00458479589030758,-3.6917288516941795,-0.951879617178862,0.0013614110463187352,0.02401558160000028,0.002537861457999835
0.05246847029599988,0.0067000000000000115,0.051399999999999994,0.0155818028424617,0.008900000000000005,-3.7991896289075724,-2.897949959269636,0.0603,0.2550263829395351,0.001952492257046634,-3.746659099492352,-0.9012396696379362,0.0018545167237515043,0.08372893203199983,-0.016797464471999923
0.04958390172200011,0.0068000000000000005,0.0496,0.017020473639382635,0.018800000000000004,-3.8238504129025745,-2.942488906581524,0.0684,0.23929961540850445,0.014296280033386566,-3.77695852332866,-0.8813615063210508,0.004393302143913369,-0.06931058573000004,0.020825744590000084
0.03940820314999982,0.006900000000000003,0.0509,0.02740072591330929,0.0194,-3.850058137600018,-2.955444247971818,0.0703,0.23644372524397833,0.006413129768603865,-3.811865778797952,-0.8946138896281995,0.0025019321071380165,-0.0019536612699999623,0.0033789236699999226
0.0253213834399999,0.0068999999999999895,0.0509,0.028904650241643202,0.019500000000000003,-3.84766273125039,-2.9492664892527856,0.0704,0.22729731810082116,0.007011050322848655,-3.8230948726302576,-0.8983962419976046,0.004162912088159189,0.01652335441999986,0.0032140642800000396
0.0776976489100003,0.0068999999999999895,0.049100000000000005,0.02337323676625549,0.018199999999999994,-3.9062884735798855,-2.951035193004638,0.0673,0.20734272969549994,0.005062890488096716,-3.831424214757482,-0.9552532805752472,0.0030194648227457183,0.049348938175999946,-0.005777807574000038
0.02161961466200024,0.0063,0.051399999999999994,0.020448026270807176,0.02090000000000001,-3.91747953897822,-2.9346602355584834,0.0723,0.2147802022701851,0.008814140332184195,-3.8956074641595513,-0.9828193034197363,0.004836334702631439,-0.03241737046000004,0.010309703723999974
0.16981168435999971,0.006099999999999994,0.0493,0.010317743438634761,0.019500000000000003,-4.06708544437305,-3.083210044025854,0.0688,0.18428761503037272,0.0018732434080108717,-3.9108613811357418,-0.9838754003471963,0.006986999411718992,0.05563857332500022,-0.004915209101000517
0.07138161259999998,0.005499999999999991,0.0495,0.01481728058781703,0.015399999999999997,-4.123783027138979,-3.148841916752475,0.0649,0.17796785704812584,0.005608842077040377,-4.055934131703553,-0.9749411103865037,0.007101431110767642,0.061429312328000085,-0.010674271048000117
0.025244512586000134,0.005600000000000008,0.0516,0.01572304355659533,0.008599999999999997,-4.137544617809764,-3.195884433061569,0.0602,0.1788008842040588,0.0006163188923107299,-4.113400065593924,-0.9416601847481945,0.01427530575070479,0.06871372611199988,-0.022541711679000098
0.13639756453300023,0.006000000000000005,0.050300000000000004,0.016629453187722427,0.009899999999999992,-4.2548233686049315,-3.3273422859796256,0.0602,0.1811403959656668,0.00557448286453166,-4.127907537121375,-0.9274810826253058,0.004658975989134342,0.015187639999999947,0.0016521335579999796
0.030238165568000186,0.006000000000000005,0.049800000000000004,0.0240237086240891,0.0077999999999999944,-4.263906551627796,-3.370573261508032,0.0576,0.17806060597750975,0.004928004824553467,-4.235196274491242,-0.8933332901197643,0.004670931067681128,0.04412263889599988,-0.010280111030999795
-0.10188220667999981,0.006900000000000003,0.0461,0.024491956915239792,0.005600000000000001,-4.142702179173243,-3.284670448351396,0.0517,0.20324840423225912,0.00367872516916945,-4.251445331189984,-0.8580317308218474,0.021533110108635536,0.08348540300000007,-0.038801011392000095
0.21156055014499997,0.010100000000000005,0.043899999999999995,0.019854991849709906,0.010300000000000004,-4.329131993837967,-3.4842179248060394,0.0542,0.17361131536550134,0.0018305721003619713,-4.1396109866035715,-0.8449140690319275,0.010395103394254384,-0.015472063327999996,0.02396655032799966
0.045485531680000024,0.00910000000000001,0.0444,0.020348778390707818,0.0148,-4.359254100045862,-3.5120430866776893,0.0592,0.17289717073498748,0.006703052321481051,-4.313817758864925,-0.8472110133681731,0.010031351108204972,-0.04129677664000009,0.013197887994000013
0.06507942502399966,0.00789999999999999,0.045700000000000005,0.018702938185496072,0.017,-4.424216689932644,-3.5104824144997897,0.0627,0.15422744676724118,0.007246408520767078,-4.359254100045861,-0.9137342754328537,0.008221521862897695,-0.024110626969999993,-0.011527808869999934
-0.065413990749,0.008099999999999996,0.046799999999999994,0.01988453203942391,0.01780000000000001,-4.34492087093755,-3.3734501767951914,0.0646,0.16368449822911238,0.010209709084834095,-4.412732731750962,-0.9714706941423581,0.007045969569776564,-0.0046680471960000025,-3.15695699999452e-05
0.15091890237500016,0.006400000000000003,0.052000000000000005,0.017940026607538243,0.016199999999999992,-4.4776976078190165,-3.4177709248506303,0.0682,0.147167259434962,0.0023805981435820467,-4.341920568656868,-1.0599266829683858,0.007379016934273689,-0.022679643459999954,0.014745018515999853
0.022711625413999847,0.006900000000000003,0.056900000000000006,0.01837263370103846,0.004899999999999995,-4.493278176997814,-3.381428512383017,0.0618,0.14997356178980206,0.017174887781894244,-4.473512250438823,-1.1118496646147968,0.014885083181494231,0.08832965046399988,-0.06422930697199991
-0.03114296949499995,0.008099999999999996,0.056900000000000006,-0.002940714222860887,0.005299999999999992,-4.467077508297731,-3.3327821553246055,0.0622,0.15677796158526175,0.006994743330002162,-4.496864552629042,-1.1342953529731252,0.01548692844428299,0.011124841376000116,-0.006833415486000138
-0.006369906304000028,0.007299999999999987,0.06,-2.860320604402926e-05,0.0011999999999999997,-4.476355750327684,-3.2865588382447224,0.0612,0.1537894628785958,0.0075243539959184425,-4.488870138288584,-1.1897969120829623,0.004704681454887317,0.025360271360000075,0.011026930229999898
-0.07971368780800014,0.008099999999999996,0.057699999999999994,-0.006948919542405932,-0.001899999999999992,-4.396276193067068,-3.273576108869868,0.0558,0.15185150364920535,0.0017252952929343035,-4.480648918528596,-1.1227000841971997,0.014139871183338586,0.07674060567899987,-0.017987460228999996
-0.12408961463200008,0.008599999999999997,0.044199999999999996,-0.009985731791307103,0.011700000000000002,-4.2857477641745625,-3.240066951988588,0.0559,0.1331135514482312,0.012613004776639514,-4.414887152071094,-1.0456808121859746,0.01460902218627021,0.012064439329999788,0.03394922847300008
0.05564409395500003,0.00789999999999999,0.0349,0.013045435338344197,0.024099999999999996,-4.357198974724108,-3.5049964723523663,0.059,0.12520943283134334,0.010196056240121543,-4.303436159656544,-0.8522025023717418,0.011470857335816195,-0.019451394385000098,0.02518370510500012
-0.14986466345799998,0.008599999999999997,0.0264,0.011066046847120753,0.0278,-4.191674187077035,-3.6046643309424833,0.0542,0.14862858821556416,0.0016713250160567128,-4.354017298479793,-0.587009856134551,0.012288727780394706,0.06755225393600006,-0.03128349396800001
0.10589701468399992,0.012800000000000006,0.0169,0.01606979247555063,0.040600000000000004,-4.289641017873419,-3.839447957505588,0.0575,0.1312178459137877,-0.0089884650822738,-4.191674187077034,-0.4501930603678311,0.007237089099452246,-0.02113263644800001,0.03599437048800014
-0.0005991182900000336,0.012999999999999998,0.0179,0.016240774231562193,0.0425,-4.289675359703147,-3.8384418331394023,0.0604,0.23683340230085725,0.011858259518897407,-4.290276543792491,-0.4512335265637451,0.006766543724959952,-0.019251299319999804,0.019572338069999917
-0.138092134792,0.013200000000000003,0.017,0.029238366384832515,0.039599999999999996,-4.122427403079503,-3.6113524338440746,0.0566,0.26657250177680364,0.00613637927875943,-4.270159474334966,-0.5110749692354287,0.010129334840889875,0.06205740004999982,-0.017602243052999622
-0.17285887782999998,0.012500000000000004,0.0163,0.03236527096830147,0.031700000000000006,-3.9434706490005116,-3.3010140512739397,0.048,0.3245551554638465,0.0061069522737799975,-4.13743977634851,-0.642456597726572,0.03211819324143439,0.12306293686400016,-0.03322223582400041
0.07985268478499985,0.012399999999999994,0.011899999999999999,0.028520873846238658,0.0365,-4.0023276619146095,-3.4622639528662376,0.0484,0.29538589561836665,-0.0005562967048152734,-3.9261541989890505,-0.5400637090483718,0.018678248683010486,0.00736774507599991,0.017011891724000083
-0.036021701080000135,0.010600000000000012,0.0113,0.02661061191164431,0.037700000000000004,-3.956293112084254,-3.331285316643828,0.049,0.2861564889546938,0.018202398303540424,-3.9929175757616875,-0.6250077954404262,0.013867812042897904,0.008154917989999788,0.012172078490000127
0.15016129865000005,0.01220000000000001,0.0092,0.0018514122911417767,0.035300000000000005,-4.099086369390221,-3.339527230353939,0.044500000000000005,0.25452283751883603,-0.002714440825190012,-3.960244466240602,-0.7595591390362825,0.0072908302905697695,0.05352578086399995,0.0022363852989999433
0.0222759562999999,0.010700000000000001,0.009399999999999999,0.0071991900536527275,0.04290000000000001,-4.095158170620028,-3.250983129171457,0.052300000000000006,0.2465752055955493,0.008165487207403288,-4.073375814538606,-0.8441750414485711,0.004881160548676209,-0.033174484552000116,0.011918186235000183
0.11532332208000007,0.009800000000000003,0.009,0.006712014455823168,0.0425,-4.158235764316678,-3.1273434815794428,0.051500000000000004,0.21876951868975533,-0.004859611231101346,-4.048109371189215,-1.0308922827372353,0.003220976001586205,-0.017453427901000018,0.015936510617000188
0.014124463819999988,0.007800000000000001,0.009399999999999999,0.01205691899856137,0.038,-4.134964572187939,-3.0753695736171793,0.0474,0.2712957509871883,0.016820401519262118,-4.122194809765834,-1.0595949985707593,0.003570793425,0.05682413440999978,-0.0077566466619996
0.013111492740000008,0.0076999999999999985,0.0127,0.012324481259874138,0.040499999999999994,-4.116304769444126,-3.011493430974487,0.0532,0.26927367020970766,0.012273212379935838,-4.103397949483793,-1.1048113384696383,0.0029793061069999997,-0.05226968145199995,0.0008896974540000269
-0.02316736425999988,0.00809999999999999,0.0165,0.00912340537012339,0.0323,-4.063251594831171,-2.9597633215243553,0.0488,0.2787623744205264,0.0010542962572483994,-4.086538775672581,-1.1034882733068163,0.0029256059850000012,0.0657461276000002,0.0035728030799999644
0.0834859058120001,0.006800000000000007,0.0219,0.013007185296211093,0.0265,-4.132628358817775,-3.0300800678063418,0.0484,0.2605951399470092,0.002106371774618143,-4.048900132285237,-1.1025482910114333,0.0028157300980000003,0.016430630999999973,0.005240419399999974
-0.02475393409000004,0.006599999999999988,0.0274,0.009205455446572025,0.021400000000000002,-4.066800687021383,-2.9741058688016606,0.0488,0.33502288704235433,0.01576458223857058,-4.09299225237009,-1.092694818219722,0.002515743195914148,0.009494924800000026,-0.00600753679999988
0.009299929901000148,0.009000000000000008,0.0297,0.007551594666918994,0.0132,-4.041833204103043,-2.9339928615557285,0.0429,0.34248275177445775,0.006207966890843242,-4.032777187542505,-1.107840342547315,0.003227428684007867,0.08594521042699999,-0.007789938861999968
0.03145747839199986,0.009000000000000001,0.0342,0.006060137943300238,0.012199999999999996,-4.046912032510808,-2.9155474747685153,0.0464,0.33296431916886654,0.022107969151671014,-4.015936141191579,-1.131364557742293,0.002006532285348595,-0.03037872444800005,-0.002238071431999833
0.0171796719920001,0.009500000000000008,0.038900000000000004,0.003735874434048687,0.007199999999999998,-4.028537109518617,-2.8820351520143253,0.0461,0.3283414975507348,-0.010060362173038184,-4.012808716169643,-1.1465019575042918,0.002790882228396599,0.014226662768000109,-0.0026694168680001518
